Date,Cd,Cu,Fe,Mn,Ni,Pb,Se,Zn,SO4,NO3,OC,EC,Mass
6/22/2001 0:00,0.00254,0.00569,0.0458,0.00341,0.00E+00,0.00737,0.00124,0.125,1.76,1.31,3.25,0.584,21.3
6/22/2001 1:00,0.00248,0.00905,0.183,0.0104,0.0027,0.0117,0.00079,0.143,1.96,1.31,3.25,0.584,28.6
6/22/2001 2:00,0.00164,0.00812,0.0702,0.00698,0.00171,0.016,0.00074,0.094,2.34,1.31,3.25,0.584,21.3
6/22/2001 3:00,0.00238,0.00937,0.326,0.0264,0.00106,0.0485,0.00099,0.152,2.88,1.31,3.25,0.584,23.4
6/22/2001 4:00,0.00107,0.00878,0.0642,0.0181,0.00109,0.0414,0.00179,0.0928,2.88,1.31,3.25,0.584,21.7
6/22/2001 5:00,0.00042,0.0026,0.0232,0.00326,0.00034,0.0151,0.00079,0.036,2.88,1.31,3.25,0.584,12.3
6/22/2001 6:00,0.00038,0.00265,0.0273,0.00183,0.00028,0.00943,0.00059,0.0187,2.88,1.31,3.25,0.584,11.2
6/22/2001 7:00,0.00023,0.00175,0.0193,0.00126,0.00062,0.00636,6.00E-05,0.011,3.65,1.31,3.25,0.584,10.2
6/22/2001 8:00,0.00041,0.00181,0.0233,0.00107,0.00031,0.00553,0.00023,0.0151,3.12,1.31,3.25,0.584,12.3
6/22/2001 11:00,0.00018,0.0025,0.0194,0.00097,0.00021,0.00523,0.00042,0.0138,4.3,1.31,3.25,0.584,12.8
6/22/2001 12:00,0.00042,0.00143,0.0221,0.00112,0.00024,0.00739,0.00035,0.0092,5.29,1.31,3.25,0.584,16.1
6/22/2001 13:00,0.00032,0.00139,0.0214,0.00103,0.00029,0.00831,2.00E-05,0.0141,5.8,1.31,3.25,0.584,15.3
6/22/2001 14:00,0.00012,0.000535,0.0235,0.00098,0.00E+00,0.00468,0.00036,0.0127,5.6,1.31,3.25,0.584,14.3
6/22/2001 15:00,0.00026,0.00125,0.0267,0.0013,0.00033,0.00307,0.00023,0.0166,5.16,1.31,3.25,0.584,14.4
6/22/2001 16:00,0.00033,0.00131,0.0106,0.00112,0.00088,0.00228,5.00E-05,0.0171,3.98,1.31,2.63,0.25,14.3
6/22/2001 17:00,0.00046,0.00116,0.0228,0.00189,0.00054,0.00239,0.00035,0.0096,3.46,1.31,5.36,0.78,17.6
6/22/2001 18:00,0.0005,0.00177,0.0212,0.00208,0.00052,0.00228,0.0005,0.0155,3.85,1.31,6.12,0.25,20.8
6/22/2001 19:00,0.00039,0.00245,0.0361,0.00187,0.00023,0.00622,0.00105,0.0145,4.88,1.31,7.29,0.92,23.7
6/22/2001 20:00,0.00046,0.00813,0.0314,0.00269,0.00024,0.0027,0.00073,0.0314,5.4,1.31,6.42,0.74,22.7
6/22/2001 21:00,0.00033,0.00221,0.0285,0.00175,0.00045,0.00182,0.00072,0.0154,4.9,1.31,5.91,0.88,21.9
6/22/2001 22:00,0.00053,0.00136,0.0256,0.0015,0.00096,0.00132,0.0009,0.0277,4.16,1.31,10.2,0.25,33.1
6/22/2001 23:00,0.00066,0.00321,0.0232,0.00243,0.00115,0.00111,0.00084,0.0157,3.64,1.31,27.8,0.87,65.8
6/23/2001 0:00,2.00E-05,0.00368,0.0228,0.00119,0.00036,0.00096,0.00025,0.0103,3.47,1.31,44.8,0.77,94.6
6/23/2001 1:00,0.00051,0.00321,0.0115,0.00086,0.00E+00,0.00162,0.0005,0.0122,3.46,1.31,41.4,0.85,77.4
6/23/2001 2:00,0.00014,0.00247,0.0134,0.00097,0.00021,0.00203,0.00071,0.0125,3.42,1.31,42,1.1,81.4
6/23/2001 3:00,0.00126,0.00378,0.0118,0.00184,0.00095,0.00813,0.00088,0.0229,3.48,1.31,71.2,1.33,107
6/23/2001 4:00,0.00139,0.000535,0.0159,0.00135,0.00293,0.022,0.00069,0.024,3.22,1.31,6.46,0.8,22.8
6/23/2001 5:00,0.00083,0.000535,0.0229,0.00131,0.00132,0.0363,0.00072,0.0192,2.99,1.31,4.01,0.55,16.9
6/23/2001 6:00,0.00053,0.00141,0.0184,0.00111,0.00074,0.0432,0.00093,0.0199,4.79,1.31,3.68,0.25,23
6/23/2001 7:00,0.00037,0.00155,0.0182,0.00103,0.00043,0.0301,0.00096,0.0184,6.24,1.31,2.93,0.25,19.5
6/23/2001 8:00,0.00068,0.00215,0.0226,0.00122,0.00085,0.0259,0.00093,0.0174,6.85,1.31,3.23,0.25,20.4
6/23/2001 9:00,0.00035,0.00186,0.0211,0.00108,0.0004,0.0165,0.00106,0.0174,6.82,1.31,3.97,0.25,18.8
6/23/2001 10:00,0.00058,0.00178,0.0254,0.00112,0.00034,0.012,0.00097,0.0249,7.39,1.31,4.55,0.25,17.8
6/23/2001 11:00,0.0005,0.0267,0.0281,0.00125,0.00E+00,0.00923,0.00092,0.0163,7.32,1.31,4.09,0.25,17.7
6/23/2001 12:00,0.00036,0.00214,0.0326,0.00139,0.00088,0.00889,0.0011,0.0166,7.2,1.31,4.24,0.25,18.5
6/23/2001 13:00,0.00042,0.00171,0.0217,0.0011,0.00049,0.00718,0.00106,0.0127,7.53,1.31,3.28,0.25,21.1
6/23/2001 14:00,0.00026,0.0015,0.0266,0.00133,0.00023,0.00554,0.00086,0.00798,8.03,1.31,3.25,0.584,23
6/23/2001 15:00,0.00028,0.00196,0.0336,0.00226,0.00076,0.00626,0.00118,0.0186,8.99,1.31,5.21,0.25,26.2
6/23/2001 16:00,0.00078,0.00246,0.0399,0.00371,0.000483,0.00709,0.000545,0.0255,10.2,1.31,3.25,0.584,34.2
6/23/2001 17:00,0.00069,0.00483,0.0462,0.00347,0.000483,0.00709,0.000545,0.0212,9.29,1.31,6.25,0.25,28
6/23/2001 18:00,0.00059,0.00218,0.0299,0.00181,0.000483,0.00709,0.000545,0.0184,7.68,1.31,3.25,0.584,28.7
6/23/2001 19:00,7.00E-05,0.00294,0.0237,0.00366,0.00314,0.00281,0.0018,0.0132,12.8,1.31,8.15,1.23,36
6/23/2001 20:00,0.0001,0.00283,0.0116,0.00261,0.0031,0.00361,0.00135,0.00899,10.2,1.31,6.36,1.1,29.4
6/23/2001 21:00,7.00E-05,0.00231,0.0204,0.00322,0.00089,0.00473,0.00119,0.0121,9.33,1.31,6.98,0.94,33.2
6/23/2001 22:00,0.00011,0.00183,0.00998,0.00256,0.00E+00,0.00491,0.00164,0.00771,9.6,1.31,7.52,0.74,36
6/23/2001 23:00,7.00E-05,0.00178,0.0283,0.00275,0.00E+00,0.00578,0.00199,0.00833,8.93,1.31,6.41,0.62,35.4
6/24/2001 0:00,0.0003,0.00181,0.0483,0.00249,0.00E+00,0.00586,0.00227,0.0137,8.49,0.0924,6.56,0.89,37.4
6/24/2001 1:00,0.00224,0.00171,0.0449,0.00255,0.00E+00,0.00537,0.0022,0.0989,8.28,0.696,6.51,0.59,41.4
6/24/2001 2:00,0.00292,0.00169,0.0457,0.00336,0.00E+00,0.00677,0.0019,0.107,8.03,0.874,9.16,0.78,45.4
6/24/2001 3:00,0.0013,0.00248,0.0468,0.00487,0.0034,0.0063,0.0016,0.0438,2.88,1.31,11.3,1.29,44.1
6/24/2001 4:00,0.00078,0.00342,0.0639,0.00508,0.00676,0.0106,0.00106,0.0271,2.88,1.31,11,2.42,41.8
6/24/2001 5:00,0.0005,0.00346,0.0558,0.0035,0.00172,0.0179,0.00158,0.0204,2.88,1.31,7.6,2.07,39.5
6/24/2001 6:00,0.00059,0.00862,0.105,0.0137,0.00173,0.0293,0.00171,0.0243,2.88,1.31,8.76,1.68,42
6/24/2001 7:00,0.00047,0.00935,0.0859,0.0192,0.00202,0.0286,0.00188,0.0248,2.88,1.31,6.64,1.01,33.4
6/24/2001 8:00,0.00027,0.00456,0.0493,0.00653,0.00039,0.0232,0.0018,0.0124,2.88,1.31,5.13,0.65,23.6
6/24/2001 9:00,5.00E-05,0.00329,0.0308,0.00334,0.00019,0.0145,0.00184,0.00896,9.77,0.331,4.68,0.56,25
6/24/2001 10:00,0.00017,0.00382,0.0345,0.00338,9.00E-05,0.0146,0.00216,0.0101,10.7,0.0619,4.12,0.25,26.7
6/24/2001 11:00,0.00026,0.00326,0.0437,0.00309,0.00074,0.0115,0.00194,0.0138,12.9,1.31,4.11,0.25,24.9
6/24/2001 13:00,0.00015,0.084,0.0292,0.0023,9.00E-05,0.00816,0.00182,0.0329,15.1,1.31,4.26,0.61,30.5
6/24/2001 14:00,0.00015,0.00273,0.0271,0.00249,9.00E-05,0.00597,0.00188,0.00817,14,1.31,3.99,0.64,28.5
6/24/2001 15:00,2.00E-05,0.00212,0.0485,0.00229,9.00E-05,0.00505,0.00139,0.00358,2.88,1.31,3.64,0.25,24.9
6/24/2001 16:00,0.00013,0.00231,0.0304,0.0019,0.00019,0.00562,0.00144,0.00767,12.7,1.31,3.35,0.25,25.8
6/24/2001 17:00,2.00E-05,0.00209,0.0231,0.00215,9.00E-05,0.00429,0.0014,0.00779,11.5,1.31,3.25,0.25,24.7
6/24/2001 18:00,2.00E-05,0.00254,0.026,0.00233,9.00E-05,0.00477,0.00141,0.0131,11.9,1.31,3.65,0.25,26.5
6/24/2001 19:00,2.00E-05,0.00318,0.042,0.00348,9.00E-05,0.00384,0.00194,0.0189,13.2,1.31,5.03,0.61,30.3
6/24/2001 20:00,0.00016,0.00287,0.034,0.0032,9.00E-05,0.00312,0.00202,0.00961,13.1,1.31,5.6,0.51,32.4
6/24/2001 21:00,2.00E-05,0.00288,0.0293,0.00291,0.00125,0.00224,0.00162,0.0082,13.5,1.31,5.84,0.25,34.1
6/25/2001 0:00,6.00E-05,0.00154,0.0276,0.00254,0.00028,0.00236,0.00156,0.00358,12.2,0.0299,6.69,0.82,38.1
6/25/2001 20:00,2.00E-05,0.00273,0.0337,0.00417,9.00E-05,0.00198,0.00147,0.0112,13.3,1.31,6.18,0.75,34.5
6/25/2001 21:00,2.00E-05,0.00274,0.0278,0.00278,9.00E-05,0.00214,0.00174,0.00358,12.9,1.31,6,0.25,36.1
6/25/2001 22:00,0.00021,0.00182,0.0146,0.00168,9.00E-05,0.00058,0.0021,0.00358,12.6,0.296,5.08,0.25,32.9
6/25/2001 23:00,0.00032,0.00169,0.0309,0.00289,9.00E-05,0.00343,0.00191,0.00942,12.5,1.31,6.99,1,39.5
6/26/2001 0:00,0.00037,0.00226,0.0366,0.00257,0.00191,0.00272,0.00115,0.00815,4.75,0.666,4.99,0.52,32.7
6/26/2001 1:00,0.00013,0.00144,0.0222,0.00341,0.00153,0.00205,0.00208,0.0101,11.8,0.237,6.86,0.83,43.8
6/26/2001 2:00,0.0003,0.00193,0.0241,0.00273,0.00039,0.00228,0.00207,0.00749,11.7,0.666,6.11,0.53,44.7
6/26/2001 3:00,2.00E-05,0.00224,0.0322,0.00509,0.00124,0.00228,0.00162,0.0143,11.7,1.14,7.79,1.26,41.6
6/26/2001 4:00,0.00012,0.00256,0.0359,0.0041,0.00061,0.00473,0.00217,0.0132,11.4,1.78,7.43,1.59,37.9
6/26/2001 5:00,2.00E-05,0.00301,0.0297,0.00238,9.00E-05,0.00511,0.00197,0.0107,11.5,0.971,5.4,0.85,30.5
6/26/2001 6:00,2.00E-05,0.000535,0.00171,0.00017,9.00E-05,0.00072,1.00E-05,0.00358,12.5,0.093,4.31,0.25,28.1
6/26/2001 7:00,0.00075,0.00262,0.0265,0.00218,0.00037,0.0196,0.00119,0.0108,13,1.31,4.41,0.25,23.2
6/26/2001 8:00,0.00026,0.00218,0.0266,0.00231,0.00022,0.0128,0.00132,0.00807,13.4,1.31,4.22,0.25,25.5
6/26/2001 9:00,9.00E-05,0.00205,0.0273,0.00207,9.00E-05,0.00937,0.00141,0.00786,14.7,1.31,4.09,0.25,26.9
6/26/2001 10:00,0.00011,0.00271,0.0358,0.00274,0.00057,0.0095,0.00175,0.0255,16.2,1.31,4.28,0.25,29.5
6/26/2001 11:00,0.0002,0.00266,0.0424,0.0031,0.00019,0.00711,0.00179,0.0156,16.9,1.31,4.61,0.25,32.1
6/26/2001 12:00,0.00019,0.00201,0.0352,0.00264,0.00018,0.00496,0.00152,0.0142,15.6,1.31,4.28,0.25,29.4
6/26/2001 13:00,2.00E-05,0.00112,0.0425,0.00206,9.00E-05,0.00168,0.00096,0.00358,12.8,1.31,4.04,0.25,26.2
6/26/2001 14:00,0.00018,0.00165,0.0263,0.00234,0.00036,0.00192,0.00102,0.00741,11.7,1.31,4.1,0.25,24.8
6/26/2001 15:00,0.00021,0.00618,0.0218,0.00234,0.00084,0.00211,0.00078,0.019,10.6,1.31,4.37,0.99,26.8
6/26/2001 16:00,2.00E-05,0.00478,0.0269,0.00285,0.00115,0.0017,0.00087,0.00722,10.8,1.31,5.31,0.98,30.1
6/26/2001 17:00,0.00027,0.00634,0.0431,0.00272,0.00201,0.004,0.00135,0.00358,10.7,1.31,6.28,0.89,36.5
6/26/2001 18:00,0.00086,0.00696,0.0334,0.00602,0.00113,0.00388,0.00079,0.0102,10.1,1.31,6.58,1.17,34
6/26/2001 19:00,0.00028,0.00757,0.0249,0.00483,0.00083,0.00307,0.00131,0.0106,8.97,1.31,6.1,0.7,29.4
6/26/2001 20:00,2.00E-05,0.00217,0.018,0.00171,0.00065,0.00268,0.00147,0.00358,7.51,1.31,4.51,0.71,27.8
6/26/2001 21:00,0.0002,0.00181,0.0278,0.00183,0.00071,0.00294,0.00111,0.00358,6.63,1.31,5.64,0.74,28.5
6/26/2001 22:00,0.00023,0.00256,0.0297,0.00265,0.00119,0.00381,0.00156,0.00358,5.53,1.31,5.27,0.55,22.3
6/26/2001 23:00,9.00E-05,0.000535,0.0122,0.00104,0.00076,0.00135,0.00057,0.00358,4.98,0.0486,5.3,0.5,25.4
6/27/2001 0:00,0.0008,0.0505,0.0521,0.0142,0.00106,0.00624,0.00065,0.0356,2.88,1.31,3.79,0.76,16.8
6/27/2001 1:00,7.00E-05,0.00121,0.0187,0.00127,0.00084,0.00158,0.00094,0.00358,4.56,1.19,4.97,0.53,26.8
6/27/2001 2:00,0.00052,0.00254,0.0249,0.00295,0.00103,0.00539,0.00113,0.00728,2.88,1.31,3.25,0.584,17.7
6/27/2001 3:00,0.00025,0.00215,0.0275,0.00294,0.00069,0.00443,0.0006,0.00847,2.88,1.31,3.25,0.584,16.2
6/27/2001 4:00,0.00032,0.00216,0.0367,0.00507,0.00081,0.00513,0.00059,0.0103,2.88,1.31,3.25,0.584,20.3
6/27/2001 5:00,8.00E-05,0.00192,0.0274,0.00224,0.00063,0.0042,0.00074,0.00358,3.6,1.31,3.25,0.584,18.2
6/27/2001 6:00,0.00017,0.0014,0.0179,0.00209,0.00045,0.00366,0.00055,0.00358,4.87,1.31,3.25,0.584,16.6
6/27/2001 7:00,0.00062,0.00282,0.027,0.00279,0.0007,0.00562,0.00102,0.0109,2.88,1.31,3.25,0.584,19.5
6/27/2001 9:00,0.00014,0.00168,0.0259,0.00186,0.00059,0.00511,0.00098,0.00358,2.88,1.31,3.25,0.584,19.9
6/27/2001 11:00,0.00018,0.00175,0.0308,0.00211,0.00048,0.00395,0.0012,0.00801,2.88,1.31,3.25,0.584,21.7
6/27/2001 12:00,0.00034,0.00134,0.0267,0.00158,0.00068,0.00309,0.0007,0.00358,2.88,1.31,4.53,1.42,23.4
6/27/2001 13:00,0.00036,0.00127,0.0279,0.00172,0.00064,0.00305,0.00076,0.00358,2.88,1.31,4.47,0.25,22.9
6/27/2001 14:00,0.00034,0.00199,0.0351,0.00418,0.00072,0.00359,0.00092,0.00358,2.88,1.31,5.66,0.68,24.4
6/27/2001 15:00,0.00043,0.00214,0.0348,0.00428,0.00061,0.00363,0.0011,0.00358,2.88,1.31,5.73,0.62,25.8
6/27/2001 16:00,0.00021,0.00146,0.0412,0.00221,0.00071,0.00288,0.00112,0.00358,2.88,1.31,5.37,0.63,24
6/27/2001 17:00,0.00025,0.00182,0.0243,0.002,0.00094,0.00343,0.00109,0.00358,2.88,1.31,5.33,0.67,25.6
6/27/2001 18:00,0.00016,0.00176,0.0423,0.00214,0.00134,0.00232,0.00084,0.00358,2.88,1.31,5.35,0.87,27.1
6/27/2001 19:00,0.00061,0.00494,0.036,0.00256,0.00086,0.00323,0.00079,0.0111,1.37,1.31,3.8,0.94,15.9
6/27/2001 20:00,0.00129,0.0374,0.0716,0.00342,0.00079,0.0161,0.00042,0.0853,2.88,1.31,3.91,0.65,15.6
6/27/2001 21:00,0.00289,0.116,0.0984,0.00502,0.00397,0.0389,0.00082,0.195,2.88,1.31,4.29,1.02,17.9
6/27/2001 22:00,0.00242,0.0757,0.106,0.00469,0.00186,0.0212,0.00017,0.174,2.88,1.31,4.37,1.21,22.8
6/27/2001 23:00,0.00179,0.108,0.121,0.00371,0.00143,0.0204,0.00031,0.131,2.88,1.31,4.44,1.22,20
6/28/2001 1:00,0.00119,0.0662,0.0955,0.0133,0.0006,0.00852,0.00039,0.0705,2.88,1.31,4.81,1.28,21.2
6/28/2001 2:00,0.00223,0.119,0.113,0.12,0.0015,0.0276,0.00087,0.167,2.88,1.31,5.68,2.54,25.2
6/28/2001 3:00,0.00142,0.0492,0.0805,0.166,0.00149,0.0135,0.00085,0.0911,2.88,1.31,3.25,0.584,24.6
6/28/2001 4:00,0.00045,0.185,0.00941,0.0059,9.00E-05,0.0167,2.00E-05,0.0252,2.88,1.31,3.25,0.584,28.3
6/28/2001 5:00,0.002,0.195,0.0674,0.00906,0.00099,0.0227,0.00092,0.119,2.88,1.31,3.25,0.584,27.1
6/28/2001 9:00,0.00113,0.0928,0.0308,0.00507,0.00049,0.0122,0.00035,0.0494,2.29,1.31,3.25,0.584,15.6
6/28/2001 10:00,0.00138,0.0804,0.0256,0.00499,0.00061,0.0119,0.00045,0.0538,2.5,1.31,3.25,0.584,16.8
6/28/2001 11:00,0.00077,0.0333,0.0598,0.00402,0.00055,0.00637,0.00015,0.0236,2.48,1.31,3.25,0.584,14.5
6/28/2001 12:00,0.00066,0.0201,0.0618,0.00647,0.00059,0.00614,0.00018,0.0209,2.76,1.31,12.5,1.28,19.8
6/28/2001 13:00,0.00074,0.0192,0.0836,0.00986,0.00087,0.00638,0.00024,0.0388,3.17,1.31,17.6,3.71,27.7
6/28/2001 14:00,0.00082,0.0125,0.0783,0.00822,0.00192,0.00584,9.00E-05,0.0281,3.31,1.31,13.1,2.01,25
6/28/2001 15:00,0.0006,0.0108,0.0363,0.00451,0.00102,0.00502,0.00064,0.0168,2.99,1.31,6.69,0.78,18.4
6/28/2001 16:00,0.00065,0.00914,0.0325,0.00363,0.00063,0.00457,0.00069,0.0164,3.01,1.31,5.2,0.77,19.5
6/28/2001 17:00,0.00063,0.00954,0.0285,0.00348,0.00051,0.00506,0.00058,0.0182,3.02,1.31,6.13,1.02,22.4
6/28/2001 18:00,0.00112,0.132,0.0822,0.00531,0.00064,0.0113,0.00071,0.0909,3.66,1.31,7,0.79,30
6/28/2001 19:00,0.0029,0.205,0.0797,0.0167,0.00103,0.0372,0.00094,0.446,2.88,1.31,6.02,0.62,24.2
6/28/2001 20:00,0.00294,0.218,0.054,0.00597,0.00066,0.0383,0.00106,0.434,2.88,1.04,7.37,0.75,28.1
6/28/2001 21:00,0.00288,0.0639,0.0593,0.00525,0.0006,0.0388,0.00083,0.0917,2.88,0.731,7.34,0.96,27.9
6/28/2001 22:00,0.00347,0.0428,0.0444,0.00414,0.00081,0.0354,0.00083,0.0846,2.88,0.727,6.74,0.9,25.7
6/28/2001 23:00,0.00738,0.00967,0.0205,0.00271,0.0004,0.0403,0.0007,0.0298,3.68,1.31,6.68,0.75,31.1
11/7/2001 0:00,0.0119,0.0163,0.0433,0.00404,0.00043,0.0847,0.00059,0.0476,2.88,1.31,5.9,0.9,26
11/7/2001 1:00,0.00691,0.0193,0.0744,0.00969,0.00122,0.081,0.00084,0.248,2.88,1.31,5.07,1.87,26.4
11/7/2001 2:00,0.00121,0.00894,0.0399,0.00414,0.00074,0.0142,0.00068,0.0504,3.3,1.31,4.28,0.81,20.7
11/7/2001 3:00,0.00071,0.00453,0.0242,0.006,0.00068,0.00833,0.00071,0.0281,9.7,0.417,5.19,0.73,38.7
11/7/2001 4:00,0.00075,0.00414,0.0192,0.00582,0.00053,0.00564,0.00046,0.0256,7.89,0.172,3.89,1.14,30.5
11/7/2001 5:00,0.00049,0.00349,0.0196,0.00434,0.00046,0.00398,0.0004,0.0174,3.16,0.11,3.03,0.25,26.7
11/7/2001 6:00,0.00073,0.00272,0.0173,0.00431,0.00056,0.00258,1.00E-05,0.0164,1.8,0.0583,2.4,0.89,16.9
11/7/2001 7:00,0.00071,0.00279,0.0199,0.00635,0.00021,0.00407,0.00051,0.0274,1.49,0.0261,2.5,0.76,18.8
11/7/2001 8:00,0.00073,0.00444,0.0239,0.00959,0.00041,0.00536,0.00048,0.0285,1.24,0.0396,2,0.73,13.2
11/7/2001 10:00,0.00057,0.00352,0.0209,0.00673,0.00041,0.00461,8.00E-05,0.0223,0.967,1.31,1.89,0.25,11.6
11/7/2001 12:00,0.00067,0.00336,0.0286,0.0153,0.00044,0.00512,0.00036,0.0824,1.04,1.31,2.76,1.12,16.6
11/7/2001 13:00,0.00059,0.00368,0.0214,0.0135,0.0004,0.00244,0.00042,0.0195,1.13,1.31,2.42,0.77,16.4
11/7/2001 14:00,0.00054,0.00253,0.026,0.00602,0.00036,0.00162,4.00E-05,0.0159,0.582,1.31,1.37,0.25,9.44
11/7/2001 15:00,0.00071,0.00233,0.0216,0.00655,0.00052,0.00165,0.00065,0.0171,0.602,1.31,1.22,0.25,9.27
11/7/2001 16:00,0.0347,0.00125,0.0299,0.00095,0.00185,0.0027,0.00037,0.043,5.37,3.77,3.25,0.584,44.7
11/7/2001 17:00,0.00058,0.00333,0.0298,0.00747,0.00055,0.00236,1.00E-05,0.0267,0.682,0.752,2.05,0.75,17.9
11/7/2001 18:00,0.00108,0.00332,0.044,0.00803,0.00051,0.00418,8.00E-05,0.0458,1.09,1.31,2.36,1.03,17.1
11/7/2001 19:00,0.0312,0.00274,0.0267,0.00093,0.00081,0.00245,0.00037,0.0304,5.24,4.44,3.25,0.584,47.9
11/7/2001 20:00,0.0115,0.0869,0.062,0.00526,0.00142,0.101,0.00015,0.183,2.88,1.31,5.1,1.09,22.6
11/7/2001 21:00,0.00893,0.0457,0.0535,0.00421,0.00071,0.112,0.00093,0.165,2.88,1.31,3.47,0.69,19.4
11/7/2001 22:00,0.0111,0.0294,0.0464,0.00458,0.00062,0.128,0.0007,0.125,2.88,0.13,3.55,0.62,22.6
11/7/2001 23:00,0.00796,0.0095,0.033,0.00338,0.0005,0.0704,0.00031,0.0897,2.88,0.877,4.08,0.68,24.9
11/8/2001 1:00,0.00333,0.0113,0.022,0.00135,0.00047,0.0274,0.00045,0.0335,2.88,0.154,4.8,0.5,23
11/8/2001 2:00,0.0042,0.0116,0.0272,0.00199,0.0005,0.0216,0.00081,0.0288,2.22,0.117,4.6,0.88,26.7
11/8/2001 3:00,0.00763,0.0376,0.0496,0.00286,0.00057,0.0885,0.00059,0.0896,2.88,0.285,4.98,0.81,27.2
11/8/2001 5:00,0.00235,0.018,0.0361,0.00269,0.00054,0.0469,0.00067,0.0256,2.88,0.745,3.33,0.6,19.3
11/8/2001 6:00,0.00059,0.00646,0.0315,0.00234,0.00056,0.0198,0.00132,0.0141,2.88,0.474,3.49,0.72,21.8
11/8/2001 8:00,0.00038,0.00472,0.0213,0.00202,0.00035,0.0134,0.00181,0.0117,2.88,0.246,2.52,0.57,20.8
11/8/2001 9:00,0.0075,0.00301,0.0165,0.00164,0.00034,0.0326,0.00162,0.0116,2.88,0.128,2.12,0.25,18.9
11/8/2001 11:00,0.0108,0.000535,0.0311,0.00191,0.00052,0.00156,0.00067,0.0239,5.05,4.15,3.25,0.584,53.2
11/8/2001 12:00,0.0014,0.00486,0.028,0.00295,0.00048,0.022,0.00212,0.0176,2.88,1.31,2.42,0.69,16.9
11/8/2001 13:00,0.00067,0.00294,0.0206,0.00202,0.00032,0.0133,0.00189,0.0178,2.88,1.31,2.16,0.25,13.1
11/8/2001 14:00,0.00042,0.00368,0.0173,0.00187,0.0004,0.0125,0.00174,0.0139,2.88,0.716,2.08,0.52,12.7
11/8/2001 15:00,0.00026,0.000535,0.0173,0.00134,9.00E-05,0.00569,0.00133,0.0198,6.14,2.3,1.32,0.25,13.4
11/8/2001 16:00,0.0002,0.00207,0.0115,0.00135,0.00027,0.00432,0.00097,0.00769,1.72,0.489,1.39,0.25,8.35
11/8/2001 17:00,0.00027,0.00131,0.0181,0.0013,0.0007,0.004,0.00117,0.0087,1.88,0.0852,1.59,0.25,9.61
11/8/2001 18:00,0.00014,0.000535,0.0203,0.00126,0.00035,0.00167,0.00105,0.00358,1.05,0.622,1.54,0.25,6.12
11/8/2001 19:00,0.00023,0.000535,0.0445,0.00227,0.00037,0.00185,0.00084,0.0103,1.36,0.686,2.86,0.6,10.3
11/8/2001 20:00,0.00026,0.000535,0.0564,0.00364,0.00024,0.00227,0.00106,0.0146,1.65,1.31,10.3,1.31,20.4
11/8/2001 21:00,0.00023,0.00125,0.0795,0.00323,0.00041,0.00281,0.00103,0.0151,1.44,1.31,3.88,0.84,12.7
11/8/2001 22:00,0.00028,0.000535,0.0373,0.00251,0.00021,0.013,0.0006,0.0805,1.51,1.04,6.45,1.35,22.7
11/8/2001 23:00,0.0004,0.000535,0.0379,0.00303,0.00033,0.0214,0.00143,0.102,1.7,0.399,12.7,2.47,27.2
11/9/2001 23:00,0.0113,0.00156,0.0321,0.0179,0.00038,0.00538,0.0007,0.0309,4.52,4.38,3.25,0.584,58
11/10/2001 0:00,0.0012,0.00586,0.0354,0.00362,0.00034,0.0123,8.00E-05,0.0791,1.21,1.29,21.4,3.51,45
11/10/2001 1:00,0.00059,0.00136,0.0515,0.00367,0.00044,0.0277,0.00105,0.0779,1.99,0.809,6.28,2.09,28.8
11/10/2001 2:00,0.0006,0.00221,0.0428,0.00468,0.00031,0.0251,0.00112,0.0698,2.72,1.28,6.33,1.39,22.1
11/10/2001 3:00,0.00052,0.00123,0.0206,0.00336,0.0002,0.0291,0.00143,0.0385,2.88,2.38,4.29,0.72,21.8
11/10/2001 4:00,0.00021,0.000535,0.0162,0.00216,9.00E-05,0.00708,0.00126,0.00984,1.25,2.74,3.34,0.71,17.3
11/10/2001 5:00,0.00011,0.000535,0.0193,0.00159,0.00024,0.00492,0.00074,0.00358,1.01,3.81,2.72,0.25,19.2
11/10/2001 6:00,0.00016,0.000535,0.0134,0.00095,9.00E-05,0.00452,0.00071,0.00358,0.997,4.08,2.27,0.55,18.8
11/10/2001 7:00,0.00012,0.000535,0.012,0.00088,0.00032,0.00448,0.00069,0.00779,1.03,3.91,2.62,0.73,22.1
11/10/2001 8:00,0.00018,0.000535,0.00822,0.0006,0.00038,0.00357,0.00059,0.00769,1.06,3.86,3.33,1.14,25.7
11/10/2001 9:00,0.0125,0.00121,0.0376,0.00705,0.00044,0.00332,0.00063,0.0363,4.53,4.06,3.25,0.584,54
11/10/2001 10:00,0.00015,0.00141,0.0281,0.0008,0.00096,0.004,0.00047,0.0178,1.15,4.08,2.54,0.61,19
11/10/2001 11:00,0.00015,0.000535,0.0106,0.00054,0.00036,0.00442,0.00026,0.0118,1.05,3.78,1.9,0.25,14.8
11/10/2001 12:00,0.00023,0.000535,0.00818,0.0006,0.00029,0.00672,0.00052,0.0103,1,2.46,1.83,0.25,14.1
11/10/2001 13:00,0.00022,0.000535,0.0059,0.00048,0.00029,0.00813,0.00034,0.0114,0.882,1.43,1.38,0.25,10.2
11/10/2001 14:00,0.00684,0.00477,0.296,0.00498,0.00098,0.00237,0.0009,0.0304,4.27,2.9,3.25,0.584,37.7
11/10/2001 15:00,0.00026,0.000535,0.00559,0.00029,0.00038,0.00901,0.00044,0.00867,0.981,2.34,1.73,0.25,13.8
11/10/2001 16:00,0.00026,0.000535,0.0052,0.00034,9.00E-05,0.00723,0.00072,0.00358,0.821,2.19,1.92,0.25,13.3
11/10/2001 17:00,0.00018,0.000535,0.00574,0.00026,0.00018,0.00534,0.00038,0.00358,0.649,1.32,1.73,0.25,11.9
11/10/2001 18:00,0.00018,0.000535,0.00901,0.00034,9.00E-05,0.00451,0.00042,0.00358,0.581,1.58,2.01,0.25,11
11/10/2001 19:00,0.00015,0.000535,0.0113,0.00041,9.00E-05,0.00379,0.00046,0.00358,0.563,1.18,1.57,0.25,7.93
11/10/2001 20:00,0.00017,0.000535,0.00897,0.00098,0.00021,0.0035,0.00068,0.00358,0.588,0.665,1.94,0.25,9.76
11/10/2001 21:00,0.00025,0.000535,0.02,0.00135,0.00037,0.00401,0.00079,0.0175,0.736,0.964,9.63,0.96,24.6
11/10/2001 22:00,0.00117,0.00482,0.0844,0.00382,0.00075,0.00781,1.00E-05,0.0588,0.895,1.25,17.5,2.6,38.8
11/10/2001 23:00,0.0013,0.00419,0.0562,0.00368,0.00054,0.00958,0.00015,0.112,1.05,1.25,19.2,3.48,36.8
11/11/2001 0:00,0.00137,0.00594,0.0749,0.0054,0.00031,0.016,0.00039,0.057,2.54,0.776,9.9,6.38,40.4
11/11/2001 1:00,0.00092,0.00368,0.0393,0.00319,0.0003,0.0115,0.00037,0.0578,1.06,1.23,19.6,2.7,42.4
11/11/2001 2:00,0.00108,0.00341,0.0375,0.0033,0.00044,0.0117,4.00E-05,0.0576,1.18,1.41,20,3.09,44.8
11/11/2001 3:00,0.00119,0.00521,0.0251,0.00269,0.00059,0.0117,1.00E-05,0.0567,1.03,1.36,20.7,2.99,45.8
11/11/2001 4:00,0.00111,0.00381,0.0232,0.00229,0.00035,0.00986,0.00013,0.0468,1.01,1.52,19.3,3.08,44.8
11/11/2001 5:00,0.00109,0.00265,0.0135,0.0014,9.00E-05,0.00958,1.00E-05,0.0338,0.897,1.95,14,1.65,37.2
11/11/2001 6:00,0.00108,0.00236,0.0167,0.00129,9.00E-05,0.00876,1.00E-05,0.028,0.919,2.05,12,1.79,37
11/11/2001 7:00,0.00277,0.00606,0.0551,0.00427,0.00049,0.0049,0.00052,0.0255,2.84,1.72,3.25,0.584,22.5
11/11/2001 8:00,0.00133,0.00289,0.0111,0.0013,9.00E-05,0.00968,1.00E-05,0.0295,0.928,2.07,12.6,1.72,35.7
11/11/2001 9:00,0.0015,0.00204,0.0135,0.00122,0.00034,0.011,1.00E-05,0.0289,0.979,2.31,10.1,1.61,35.3
11/11/2001 10:00,0.0016,0.00395,0.0258,0.00292,0.00038,0.0126,1.00E-05,0.034,1.1,2.52,11.2,2.03,42.7
11/11/2001 11:00,0.00162,0.00441,0.0248,0.00828,0.00078,0.0147,0.00051,0.044,1.29,2.88,11.6,2.58,43
11/11/2001 12:00,0.00157,0.00775,0.172,0.0185,0.00073,0.0124,0.00161,0.139,2.88,0.816,3.25,0.584,14.1
11/11/2001 13:00,0.00221,0.0108,0.0518,0.0113,0.00136,0.0253,0.00142,0.136,2.88,0.124,3.25,0.584,13.9
11/11/2001 14:00,0.00201,0.00912,0.0575,0.0205,0.00244,0.0216,0.00028,0.0524,1.76,3.68,19.4,3.67,52.3
11/11/2001 15:00,0.00082,0.0038,0.0154,0.00119,0.00053,0.0102,0.00081,0.0222,2.88,1.31,3.25,0.584,14
11/11/2001 16:00,0.00405,0.0118,0.0644,0.0152,0.00416,0.0311,1.00E-05,0.0541,2.13,5.14,10.1,2.67,47.3
11/11/2001 17:00,0.00151,0.00897,0.00878,0.00186,0.00097,0.0507,1.00E-05,0.0262,2.88,3.58,2.46,0.25,27.6
11/11/2001 18:00,0.0007,0.0126,0.0202,0.00203,0.00133,0.0463,0.00191,0.0169,4.05,2.35,2.04,0.66,18.1
11/11/2001 19:00,0.00119,0.00797,0.0141,0.00168,0.00033,0.0209,0.0003,0.0163,2.17,1.44,1.96,1.03,14.5
11/11/2001 20:00,0.00178,0.00367,0.0116,0.00195,0.00036,0.0132,0.00078,0.0175,1.59,0.618,2.16,0.78,12.1
11/11/2001 21:00,0.0016,0.00353,0.0133,0.00331,0.0004,0.0126,0.00018,0.0135,1.62,0.392,1.76,0.61,11.3
11/11/2001 22:00,0.00143,0.0099,0.0571,0.00487,0.00035,0.0171,0.00093,0.031,2.05,0.435,5.85,1.66,21.2
11/11/2001 23:00,0.00034,0.00202,0.0133,0.00089,0.00035,0.00682,0.00026,0.0138,2.88,1.31,3.25,0.584,10.9
11/12/2001 0:00,0.00409,0.0974,0.0297,0.00438,0.00036,0.0505,0.00062,0.0342,2.88,1.31,8.22,2.5,34.8
11/12/2001 1:00,0.00089,0.00523,0.0915,0.00841,0.00026,0.0119,0.00046,0.0347,3.14,0.741,12.3,3.23,32.8
11/12/2001 2:00,0.00084,0.00354,0.0494,0.00612,0.00042,0.00662,0.00078,0.017,2.66,0.811,5.23,1.65,20.8
11/12/2001 3:00,0.00057,0.0033,0.0356,0.00454,0.00031,0.00956,0.00039,0.0146,2.49,0.459,4.55,1.07,18.6
11/12/2001 4:00,0.00045,0.00212,0.0201,0.00274,0.00027,0.00771,4.00E-05,0.0104,2.31,0.52,3.11,0.68,13.8
11/12/2001 5:00,0.00044,0.00298,0.0181,0.00235,9.00E-05,0.00718,0.00027,0.0103,2.06,0.559,3.09,0.51,15.8
11/12/2001 6:00,0.00044,0.00361,0.0298,0.00196,0.00063,0.00401,0.00052,0.00843,2.23,0.79,2.63,0.69,13.4
11/12/2001 7:00,0.00044,0.00242,0.0438,0.00247,0.00025,0.00256,0.00105,0.0148,2.15,0.756,3.12,0.71,17.2
11/12/2001 8:00,0.0004,0.00206,0.0405,0.00268,9.00E-05,0.00232,0.00028,0.0118,2.09,0.69,3.77,0.88,18.3
11/12/2001 10:00,0.00067,0.00334,0.0581,0.00322,0.00047,0.00455,0.0001,0.0192,2.11,0.642,5.63,1.39,24.2
11/12/2001 12:00,0.0005,0.00347,0.0694,0.00444,0.00041,0.00735,0.00097,0.0121,2.88,0.982,10.8,2.05,31.2
11/12/2001 13:00,0.0008,0.00535,0.0569,0.00395,0.00106,0.00985,0.00042,0.0107,2.86,1.06,4.34,1.04,24.2
11/12/2001 14:00,0.00056,0.00398,0.0696,0.00324,0.00023,0.00932,0.00043,0.00757,2.74,1.12,3.36,0.99,17.9
11/12/2001 15:00,0.00084,0.00469,0.0748,0.00428,0.00053,0.0137,0.00105,0.0132,3.16,1.38,4.41,1.23,25.2
11/12/2001 16:00,0.00036,0.00119,0.00522,0.00101,0.00041,0.00491,0.0008,0.00358,2.88,1.31,3.25,0.584,13.6
11/12/2001 18:00,0.00068,0.00481,0.0393,0.00252,0.00066,0.0128,0.00043,0.0108,3.1,1.45,3.75,1.29,20.6
11/12/2001 19:00,0.00038,0.00478,0.0597,0.00482,0.00045,0.00876,0.0006,0.00845,2.88,1.31,4.49,2.26,28
11/12/2001 20:00,0.00193,0.093,0.118,0.0101,0.00091,0.0298,0.00067,0.131,2.88,1.31,5.23,1.42,33
11/12/2001 21:00,0.0021,0.197,0.136,0.00592,0.00057,0.0319,0.00034,0.0966,2.88,1.31,5.92,0.73,31
11/12/2001 22:00,0.00464,0.283,0.0555,0.00744,0.00042,0.0521,0.00055,0.171,2.88,1.31,4.73,0.94,27.5
11/12/2001 23:00,0.00115,0.0555,0.0386,0.0114,0.00035,0.0138,0.0003,0.0461,2.88,1.31,4.32,0.54,22.2
11/13/2001 1:00,0.00221,0.03,0.0437,0.00321,0.00041,0.017,0.00054,0.0159,2.88,1.31,7.61,0.73,26.6
11/13/2001 2:00,0.00104,0.0141,0.0248,0.00446,0.00038,0.0102,0.00035,0.0459,2.88,1.31,6.55,1.46,20.2
11/13/2001 3:00,0.00099,0.0083,0.0263,0.00486,0.0002,0.00672,1.00E-05,0.0162,2.44,0.0991,7.36,1.75,22.8
11/13/2001 4:00,0.00069,0.00647,0.0294,0.004,9.00E-05,0.00451,0.00022,0.00996,3.19,0.443,8.01,1.73,21
11/13/2001 5:00,0.00055,0.0057,0.0167,0.00303,9.00E-05,0.00379,0.00054,0.0106,4.85,1.07,7.35,1.05,26.7
11/13/2001 6:00,0.00064,0.00715,0.0144,0.00464,9.00E-05,0.00442,0.00055,0.00852,5.49,1.7,7.05,1.12,30.8
11/13/2001 7:00,0.00086,0.00803,0.0209,0.00474,0.0011,0.00606,0.00067,0.0174,5.71,2.39,9.11,1.06,36.8
11/13/2001 8:00,0.00084,0.00866,0.0483,0.00734,0.00044,0.00669,0.00067,0.0219,6.25,3.24,12,2.45,45.8
11/13/2001 9:00,0.00086,0.0085,0.0373,0.00587,0.00048,0.00645,0.00085,0.0143,6.39,3.79,10.7,1.62,45.7
11/13/2001 10:00,0.00019,0.000535,0.00627,0.00101,0.00101,0.0017,0.00171,0.00986,3.44,4.48,1.92,0.25,35.7
11/13/2001 11:00,0.00042,0.00112,0.00582,0.00138,9.00E-05,0.00361,0.00033,0.0088,2.88,1.31,3.25,0.584,10.6
11/13/2001 12:00,0.00018,0.000535,0.00616,0.00065,0.00034,0.00156,0.00128,0.00961,3.47,4.36,1.63,0.25,33.8
11/13/2001 13:00,0.00018,0.000535,0.00571,0.00051,0.00029,0.00198,0.00134,0.0133,3.97,4.48,1.75,0.25,34.9
11/13/2001 14:00,0.00015,0.00176,0.0152,0.0009,9.00E-05,0.00384,0.00174,0.0146,2.88,1.31,1.67,0.25,25
11/13/2001 15:00,0.00011,0.0015,0.0095,0.00063,9.00E-05,0.00359,0.00207,0.0117,3.21,3.36,3.25,0.584,23.8
11/13/2001 16:00,0.00015,0.00129,0.00764,0.00055,9.00E-05,0.00364,0.00221,0.00948,3.11,2.71,1.6,0.25,20.5
11/13/2001 17:00,0.00033,0.00222,0.00906,0.00097,0.0003,0.00408,0.00209,0.0136,3.25,3.38,2.59,1.38,23.2
11/13/2001 18:00,0.00046,0.00457,0.00825,0.00089,9.00E-05,0.00794,0.00222,0.0286,3.01,3.11,3.28,1.43,26.2
11/13/2001 19:00,0.00017,0.00141,0.00759,0.00069,9.00E-05,0.00372,0.00247,0.00931,2.9,3.28,2.88,1.18,25.4
11/13/2001 20:00,0.00024,0.00172,0.00441,0.00073,9.00E-05,0.00431,0.00197,0.0117,2.88,3.33,1.93,0.25,23.7
11/13/2001 21:00,0.0002,0.00141,0.0104,0.00057,9.00E-05,0.0039,0.00235,0.0122,2.96,3.32,2.33,0.75,24.8
11/13/2001 22:00,7.00E-05,0.00111,0.0136,0.00101,0.00019,0.00325,0.00208,0.00965,2.62,3.73,1.92,0.25,26.1
11/13/2001 23:00,0.00024,0.00119,0.00812,0.00113,9.00E-05,0.00382,0.00228,0.00917,3.13,4.89,2.05,0.72,34
3/19/2002 0:00,0.00015,0.00161,0.00889,0.00168,9.00E-05,0.0043,0.00286,0.0119,3.71,7.47,2.77,1.15,43
3/19/2002 1:00,8.00E-05,0.00247,0.0146,0.00708,0.00095,0.00438,0.00272,0.0151,3.71,7.39,2.4,0.96,40.8
3/19/2002 2:00,0.00168,0.00311,0.00482,0.00174,0.0004,0.0107,0.00081,0.0127,2.88,1.31,3.25,0.584,14.9
3/19/2002 11:00,0.00038,0.00201,0.00938,0.00232,0.00052,0.00697,0.00371,0.0277,3.8,7.86,2.51,0.25,44.6
3/19/2002 12:00,0.00038,0.00152,0.00621,0.00101,0.00035,0.00529,0.00259,0.0185,3.11,6.19,2.11,0.64,34.7
3/19/2002 13:00,0.0003,0.00534,0.00787,0.00092,0.00062,0.00746,0.00218,0.0941,2.41,4.39,1.52,0.25,25.9
3/19/2002 14:00,0.00031,0.0114,0.00554,0.00071,0.00072,0.00729,0.00157,0.149,1.59,2.56,0.92,0.25,17.1
3/19/2002 15:00,0.00027,0.0145,0.00695,0.0006,0.00049,0.008,0.00187,0.092,1.29,2,1.06,0.25,14.3
3/19/2002 16:00,0.00023,0.0131,0.0127,0.00099,0.00052,0.00991,0.0028,0.0556,2.38,4.21,1.6,0.87,24.3
3/19/2002 17:00,0.00025,0.00584,0.00764,0.00072,0.00052,0.00576,0.00177,0.0442,2.68,5.63,1.7,0.25,26.1
3/19/2002 18:00,0.00019,0.00787,0.00995,0.00089,0.00065,0.00712,0.00219,0.0851,4.44,5.69,2.26,0.9,34.2
3/19/2002 19:00,0.00026,0.0127,0.0231,0.0106,0.00253,0.00752,0.0012,0.0801,3.8,6.81,1.56,0.71,22.6
3/19/2002 20:00,0.00025,0.0129,0.0146,0.024,0.00138,0.0146,0.00136,0.027,2.88,7.01,1.02,0.25,22.3
3/19/2002 21:00,0.0002,0.00839,0.0132,0.0132,0.00067,0.0119,0.00118,0.0149,2.88,5.06,1.11,0.5,15.1
3/19/2002 22:00,0.00016,0.00558,0.0119,0.00499,0.00074,0.00984,0.00092,0.0117,2.88,4.33,1.18,0.25,20.6
3/19/2002 23:00,7.00E-05,0.00373,0.00459,0.00138,0.00062,0.00602,0.00019,0.00358,4.66,3.36,1.41,0.25,14.6
3/20/2002 0:00,5.00E-05,0.00256,0.00355,0.00098,0.00048,0.0041,0.00012,0.00358,2.88,1.31,1.48,0.25,14.3
3/20/2002 1:00,4.00E-05,0.00228,0.00382,0.00137,0.00048,0.00363,0.00018,0.00358,3.83,3.28,1.8,0.25,19.4
3/20/2002 2:00,0.00018,0.00292,0.0119,0.0017,0.00056,0.00344,0.00066,0.00956,4.86,2.98,2.03,0.52,20.7
3/20/2002 3:00,0.00025,0.00457,0.0196,0.00258,0.00058,0.00512,0.0006,0.0171,4.99,2.84,1.72,0.25,11.2
3/20/2002 4:00,0.00019,0.0024,0.0153,0.00163,0.00052,0.00384,0.00039,0.0211,5.08,3.65,1.81,1.31,17.1
3/20/2002 5:00,0.00016,0.00255,0.0201,0.00158,0.00056,0.00563,0.00037,0.0193,5.46,3.59,2.44,0.25,16.9
3/20/2002 6:00,0.00018,0.00527,0.0284,0.00202,0.00048,0.00667,0.00041,0.0245,5.77,4.06,3.94,1.16,18.4
3/20/2002 8:00,0.0002,0.0105,0.0373,0.00327,0.00068,0.00462,0.00075,0.0212,5.27,4.56,4.33,1.02,23.2
3/20/2002 9:00,0.00015,0.00829,0.0358,0.00288,0.0008,0.00332,0.00025,0.0231,5.13,4.23,7.53,2.08,28.5
3/20/2002 10:00,0.00035,0.00738,0.0394,0.00329,0.00161,0.00798,0.00055,0.0286,5.48,4.25,8.24,2.28,30.1
3/20/2002 11:00,0.00045,0.0339,0.0323,0.00258,0.00092,0.0168,0.00075,0.0432,5.59,4.67,6.26,1.85,36.6
3/20/2002 13:00,0.00055,0.0389,0.0371,0.00225,0.00078,0.0885,0.0005,0.0647,5.04,5.69,4.25,0.54,40.2
3/20/2002 14:00,0.00069,0.113,0.0262,0.00248,0.00039,0.0158,0.0006,0.109,4.76,5.1,4.4,0.89,35.4
3/20/2002 15:00,0.00611,0.0409,0.0296,0.00231,0.00063,0.0354,0.00051,0.115,4.53,4.48,4.42,0.64,33.3
3/20/2002 16:00,0.00505,0.0211,0.0321,0.00273,0.00035,0.0495,0.00104,0.061,4.91,6.26,4.77,0.87,38.9
3/20/2002 17:00,0.00107,0.00961,0.0227,0.00211,0.00041,0.0157,0.00043,0.0248,4.19,6.15,3.42,0.25,26.7
3/20/2002 18:00,0.0004,0.0182,0.0258,0.0186,0.00189,0.0127,0.00131,0.0892,3.94,7.55,2.16,0.67,22.1
3/20/2002 19:00,0.00014,0.00681,0.0245,0.0174,0.00089,0.00655,0.00096,0.0486,3.8,8.05,1.3,0.25,12.2
3/20/2002 20:00,0.00028,0.00745,0.0194,0.00852,0.00049,0.0109,0.00089,0.0244,3.24,6.3,0.9,0.25,10.1
3/20/2002 21:00,0.00019,0.00585,0.0197,0.00573,0.00021,0.0113,0.00014,0.0123,2.37,3.1,3.25,0.584,5.93
3/20/2002 22:00,0.00019,0.00412,0.0181,0.0038,9.00E-05,0.006,0.00018,0.00831,1.99,1.25,3.25,0.584,10.7
3/20/2002 23:00,0.00056,0.00405,0.0376,0.0221,0.00049,0.00369,0.00019,0.0963,2.88,1.31,3.25,0.584,7.17
3/21/2002 0:00,0.00131,0.0126,0.0232,0.00341,0.0006,0.007,1.00E-05,0.164,2.88,1.31,3.25,0.584,7.48
3/21/2002 1:00,0.00079,0.0128,0.0238,0.00248,0.00043,0.00626,1.00E-05,0.139,2.88,1.31,0.25,0.25,8.08
3/21/2002 2:00,0.00128,0.0173,0.0173,0.00258,0.00059,0.0074,4.00E-05,0.152,2.88,1.31,3.25,0.584,10.1
3/21/2002 3:00,0.00071,0.0166,0.0242,0.00231,0.00049,0.0062,1.00E-05,0.14,2.88,1.31,0.25,0.25,9.18
3/21/2002 4:00,0.00053,0.0227,0.022,0.00282,0.0006,0.00738,1.00E-05,0.177,2.88,1.31,3.25,0.584,8.27
3/21/2002 5:00,0.00024,0.0167,0.0103,0.00255,0.00036,0.00525,0.00023,0.141,2.88,1.31,0.25,0.25,6.78
3/21/2002 6:00,0.00034,0.0169,0.0124,0.00249,0.00036,0.00538,1.00E-05,0.15,2.88,1.31,3.25,0.584,8.64
3/21/2002 7:00,0.00025,0.0108,0.0124,0.002,0.0039,0.00294,4.00E-05,0.0541,2.88,1.31,0.25,0.25,8.11
3/21/2002 8:00,0.0124,0.097,0.0279,0.00264,0.00193,0.0308,9.00E-05,0.0531,2.88,1.31,3.25,0.584,6.19
3/21/2002 9:00,5.00E-05,0.00485,0.0117,0.00171,0.00082,0.00116,1.00E-05,0.0114,2.88,1.31,0.25,0.25,8.37
3/21/2002 10:00,5.00E-05,0.00477,0.013,0.0022,0.0004,0.00115,1.00E-05,0.0149,2.88,1.31,0.25,0.25,8.73
3/21/2002 18:00,2.00E-05,0.00459,0.0161,0.00284,9.00E-05,0.00105,1.00E-05,0.0235,2.88,1.31,0.77,0.25,10.4
3/21/2002 19:00,5.00E-05,0.00408,0.0209,0.00285,9.00E-05,0.00155,1.00E-05,0.0171,2.88,1.31,0.25,0.25,11.2
3/21/2002 20:00,2.00E-05,0.00316,0.0235,0.00277,9.00E-05,0.001,4.00E-05,0.0127,2.88,1.31,0.59,0.25,10.7
3/21/2002 21:00,0.0001,0.00634,0.00417,0.00159,0.00027,0.00319,7.00E-05,0.0176,2.88,1.31,0.25,0.25,10.4
3/21/2002 22:00,5.00E-05,0.00572,0.00345,0.00107,0.00021,0.00296,5.00E-05,0.00874,1.77,1.63,0.6,0.25,9.51
3/21/2002 23:00,0.00021,0.00539,0.0135,0.00184,0.00159,0.00267,0.00069,0.0135,1.08,1.4,0.25,0.25,10.6
3/22/2002 0:00,2.00E-05,0.00261,0.00744,0.00111,0.00082,0.00145,0.00038,0.00358,0.868,1.25,0.25,0.25,8.65
3/22/2002 1:00,8.00E-05,0.00299,0.00646,0.00091,0.00074,0.0012,0.0004,0.00358,0.772,0.998,0.25,0.25,6.17
3/22/2002 2:00,0.00014,0.00515,0.00876,0.00129,0.00056,0.00385,0.0003,0.0159,0.709,1.01,0.25,0.25,5.11
3/22/2002 3:00,0.00032,0.0114,0.0139,0.00164,0.00069,0.0108,0.00081,0.022,2.88,1.31,0.54,0.25,5.18
3/22/2002 4:00,0.0003,0.00138,0.00916,0.00142,0.00019,0.00694,0.00025,0.0106,4.22,1.31,3.25,0.584,11.6
3/22/2002 5:00,0.0003,0.00855,0.016,0.00144,0.00054,0.00954,0.00089,0.0128,2.88,0.997,0.98,0.25,7.59
3/22/2002 6:00,0.00017,0.00676,0.0252,0.00162,0.00056,0.00767,0.00155,0.0083,2.88,1,4.1,0.55,11.8
3/22/2002 7:00,0.0001,0.00535,0.022,0.00158,0.00062,0.00489,0.00133,0.00358,1.15,1.13,1.75,0.25,9.01
3/22/2002 8:00,0.00149,0.00912,0.0384,0.00327,0.00064,0.0294,0.00101,0.0585,2.88,1.44,4.92,0.95,18.6
3/22/2002 9:00,0.001,0.00618,0.0367,0.00404,0.00064,0.0249,0.00121,0.0545,2.88,1.56,5.69,0.85,19.7
3/22/2002 10:00,0.00081,0.0207,0.0861,0.00614,0.00119,0.0268,0.00076,0.0493,2.88,1.61,9.97,1.52,24.3
3/22/2002 11:00,0.00048,0.0126,0.0613,0.00537,0.0007,0.0152,0.00043,0.0404,1.07,1.5,8.63,1.82,25.1
3/22/2002 12:00,0.00138,0.0308,0.0733,0.00408,0.00086,0.0194,0.00068,0.0781,0.93,1.44,7.08,1.88,23.1
3/22/2002 13:00,0.0243,0.0857,0.0249,0.00218,0.00083,0.0775,0.0012,0.0315,0.89,1.3,4.67,0.98,14.4
3/22/2002 15:00,0.0204,0.0919,0.0231,0.00218,0.00084,0.1,0.00076,0.0278,0.956,1.28,4.17,0.71,19.6
3/22/2002 16:00,0.00056,0.00234,0.0143,0.00215,9.00E-05,0.00585,0.00025,0.118,3.24,1.31,3.25,0.584,11.2
3/22/2002 17:00,0.0169,0.326,0.0269,0.00342,0.00079,0.224,0.00092,0.0623,2.88,1.35,5.04,0.83,15.9
3/22/2002 18:00,0.0102,0.463,0.0636,0.00344,0.00064,0.236,0.00129,0.137,2.88,1.15,3.5,0.25,14.5
3/22/2002 19:00,0.0066,1.65,0.0801,0.0053,0.0006,0.167,0.00078,0.153,2.88,1.1,3.42,0.25,20.3
3/22/2002 20:00,0.00288,1.58,0.0592,0.00318,0.00077,0.111,0.00103,0.0881,2.88,1.28,2.67,0.25,22.7
3/22/2002 21:00,0.00306,1.02,0.0696,0.00405,0.00081,0.0731,0.00097,0.087,2.88,1.85,2.87,0.25,16.6
3/22/2002 22:00,0.00401,0.129,0.0259,0.00222,0.00051,0.0343,0.0007,0.0569,2.88,2.45,1.74,0.25,16
3/22/2002 23:00,0.00122,0.147,0.0125,0.00154,0.00065,0.0209,0.00045,0.0342,2.88,2.59,2.11,0.25,9.64
3/23/2002 0:00,0.00022,0.00364,0.00944,0.00126,0.0005,0.00235,0.0007,0.0119,1.17,1.61,4.56,1.29,11.9
3/23/2002 2:00,0.00099,0.0824,0.0122,0.00162,0.00063,0.0166,0.00046,0.0452,2.88,2.49,1.46,0.25,10.9
3/23/2002 3:00,0.00061,0.047,0.0103,0.00127,0.00124,0.014,0.00047,0.0355,2.88,1.98,1.64,0.25,11.2
3/23/2002 4:00,0.00068,0.0385,0.0141,0.00144,0.00055,0.0138,0.00043,0.0363,2.88,1.37,1.4,0.25,12.9
3/23/2002 5:00,0.00071,0.206,0.0108,0.00124,0.00269,0.0215,0.00044,0.0739,2.88,0.389,1.73,0.25,11.2
3/23/2002 6:00,0.00057,0.0229,0.0107,0.00156,0.0006,0.0094,0.00023,0.0607,2.88,0.212,2.06,0.25,9.4
3/23/2002 7:00,0.00055,0.0164,0.00897,0.00179,0.00049,0.00722,0.00032,0.0276,2.88,0.121,4.17,0.25,13.7
3/23/2002 8:00,0.00035,0.00652,0.00744,0.00136,0.00053,0.00279,0.00028,0.0165,1.2,0.0331,3.78,0.25,10.6
3/23/2002 9:00,0.00051,0.00561,0.0122,0.00176,0.00055,0.0031,0.00022,0.0162,1.31,1.31,5.67,1.18,13.5
3/23/2002 10:00,0.00032,0.00451,0.0133,0.00139,0.00041,0.00225,0.00025,0.0127,1.19,1.31,3.24,0.25,12.3
3/23/2002 11:00,0.00117,0.00353,0.0117,0.00119,0.00078,0.00258,0.00041,0.0151,1.13,0.0216,3.45,0.55,10.4
3/23/2002 12:00,0.00027,0.00316,0.0122,0.00115,0.00062,0.00173,0.00062,0.00862,1.07,1.31,2.66,0.25,9.33
3/23/2002 13:00,0.00033,0.00384,0.0123,0.00129,0.00062,0.00231,0.00054,0.0113,1.2,0.0547,3.38,0.7,12.4
3/23/2002 14:00,0.0004,0.00608,0.0176,0.00189,0.0007,0.00332,0.00095,0.0124,1.21,0.145,5.03,0.92,14.4
3/23/2002 15:00,0.00061,0.00967,0.0207,0.00204,0.00082,0.00505,0.00072,0.036,1.24,0.613,2.74,0.84,12.2
3/23/2002 16:00,0.00031,0.00622,0.0169,0.00161,0.00052,0.00299,0.00048,0.0181,1.19,0.995,3.46,1.04,14.4
3/23/2002 17:00,0.00039,0.00951,0.0281,0.00202,0.00045,0.00426,0.00093,0.0166,1.27,1.28,7.02,1.42,16.7
3/23/2002 18:00,0.00046,0.00998,0.0327,0.00211,0.00059,0.0053,0.00108,0.0137,1.39,1.63,5.54,1.36,20.1
3/23/2002 19:00,0.00035,0.00456,0.0131,0.00118,0.0007,0.00265,0.00077,0.00795,1.23,1.8,2.97,0.74,12.6
3/23/2002 20:00,0.00017,0.00305,0.012,0.00085,0.00058,0.04,0.00065,0.00358,0.97,1.75,2.77,0.52,9.02
3/23/2002 21:00,0.00026,0.00323,0.00791,0.0009,0.00049,0.00198,0.00075,0.00358,0.968,1.84,3.34,0.68,15.5
3/23/2002 22:00,0.0002,0.00332,0.00927,0.0012,0.00058,0.00222,0.00093,0.00795,1.05,1.77,2.91,0.51,8.95
3/23/2002 23:00,0.00065,0.00123,0.0223,0.00187,0.00025,0.00439,0.00022,0.02,2.44,1.31,3.25,0.584,14.6
3/24/2002 0:00,0.00071,0.00436,0.00814,0.00192,0.00155,0.0068,0.0008,0.0705,0.941,0.606,0.25,0.25,7.66
3/24/2002 1:00,0.00088,0.00229,0.0301,0.00124,0.00041,0.00159,4.00E-05,0.0173,2.2,1.31,3.25,0.584,11.6
3/24/2002 2:00,0.00134,0.00445,0.0312,0.00135,0.00026,0.00204,9.00E-05,0.0207,2.01,1.31,3.25,0.584,12.7
3/24/2002 3:00,0.00028,0.00338,0.0105,0.00093,0.0005,0.00253,0.00089,0.00854,1.32,1.45,2.99,0.25,10.2
3/24/2002 4:00,0.00022,0.00255,0.00637,0.00074,0.00035,0.00175,0.00063,0.0105,1.34,2.25,3.01,0.25,17
3/24/2002 5:00,0.00035,0.00287,0.0161,0.0019,0.00091,0.00218,0.00096,0.0224,1.34,2.91,3.27,0.94,14.7
3/24/2002 6:00,0.00069,0.00435,0.0456,0.00308,0.00069,0.00527,0.00162,0.0344,2.07,3.43,3.01,0.61,9.62
3/24/2002 7:00,0.00081,0.00391,0.0261,0.00424,0.00047,0.0093,0.00147,0.0452,2.88,3.84,4.12,1.11,27.2
3/24/2002 8:00,0.0007,0.00599,0.0314,0.00339,0.00064,0.0164,0.00187,0.0383,2.88,3.57,3.76,0.61,26.2
3/24/2002 9:00,0.00157,0.00218,0.00997,0.00135,0.0014,0.00465,0.00123,0.0195,1.3,4.58,3.35,0.99,19.1
3/24/2002 11:00,0.00125,0.00191,0.011,0.00132,9.00E-05,0.0043,0.00127,0.0155,1.48,10.3,3.25,0.25,31.7
3/24/2002 12:00,0.0003,0.000535,0.00494,0.00071,0.00061,0.00162,0.00092,0.00789,1.11,9.55,2.78,0.25,34.9
3/24/2002 13:00,0.00092,0.00381,0.0342,0.00134,0.00029,0.00655,0.00167,0.0264,1.95,8.4,2.38,0.25,33.8
3/24/2002 14:00,0.00066,0.00352,0.0398,0.00197,0.00155,0.00208,0.00018,0.0304,1.99,1.31,3.25,0.584,14
3/24/2002 15:00,0.00054,0.00233,0.00806,0.0007,9.00E-05,0.00474,0.00129,0.0134,1.68,7.73,2.21,0.25,31.9
3/24/2002 16:00,0.00021,0.00109,0.00395,0.00041,0.00216,0.00223,0.00093,0.00727,1.29,5.5,1.44,0.25,22
3/24/2002 17:00,0.00027,0.000535,0.00744,0.001,0.00304,0.00146,0.00093,0.00358,0.887,2.91,1.13,0.25,15
3/24/2002 18:00,0.00034,0.000535,0.00523,0.00044,9.00E-05,0.00195,0.0006,0.00358,0.644,1.84,0.57,0.25,9.21
3/24/2002 19:00,0.00052,0.00253,0.0224,0.00525,0.00088,0.00338,0.00013,0.0505,2.22,1.31,3.25,0.584,19.6
3/24/2002 20:00,0.00018,0.000535,0.00184,0.00018,9.00E-05,0.00107,0.00079,0.00358,0.459,1.36,0.25,0.25,7.75
3/24/2002 21:00,0.00023,0.000535,0.00198,0.00019,0.00154,0.00102,0.00056,0.00358,0.388,0.937,0.25,0.25,6.01
3/24/2002 22:00,0.00049,0.0148,0.0429,0.00928,0.00061,0.00474,0.00048,0.122,2.29,1.31,3.25,0.584,18.1
3/24/2002 23:00,0.00028,0.000535,0.00222,0.00045,0.00161,0.00119,0.00051,0.00972,0.355,0.936,0.25,0.25,6.5
3/25/2002 1:00,0.00045,0.00632,0.0579,0.01,0.00067,0.00559,0.0014,0.123,2.32,1.31,3.25,0.584,22.3
3/25/2002 2:00,0.00012,0.00108,0.00233,0.00033,0.00049,0.00165,0.00048,0.00358,0.334,0.654,0.25,0.25,5.56
3/25/2002 3:00,0.00021,0.000535,0.00424,0.00037,0.00437,0.00183,0.00056,0.00358,0.32,1.02,0.25,0.25,5.99
3/25/2002 4:00,0.00054,0.00265,0.00958,0.00498,9.00E-05,0.00437,0.00072,0.07,0.871,1.6,0.65,0.25,11.8
3/25/2002 5:00,0.00051,0.00537,0.0144,0.00504,9.00E-05,0.0111,0.00099,0.139,1.65,1.95,0.69,0.25,15
3/25/2002 6:00,0.00054,0.00728,0.033,0.0061,0.00419,0.0196,0.00111,0.0871,2.88,1.83,1.08,0.25,16.6
3/25/2002 7:00,0.00038,0.0049,0.0244,0.00562,0.00521,0.0171,0.00132,0.0512,2.88,1.83,0.9,0.25,17.4
3/25/2002 8:00,0.00036,0.00278,0.0176,0.00387,0.00189,0.0089,0.00115,0.0185,2.88,1.83,0.83,0.25,16.1
3/25/2002 9:00,0.00067,0.007,0.0472,0.00722,0.00035,0.00723,0.00114,0.155,2.11,1.31,3.25,0.584,18.5
3/25/2002 10:00,0.00043,0.00382,0.0213,0.00547,0.00308,0.0143,0.00077,0.0207,2.94,1.44,0.79,0.25,14.9
3/25/2002 11:00,0.00032,0.00241,0.0162,0.00296,0.00339,0.00788,0.00099,0.0162,3.68,0.984,1.06,0.77,20.4
3/25/2002 12:00,0.00013,0.00211,0.00661,0.00067,0.00022,0.00471,0.00019,0.00358,4.08,1.11,0.84,0.25,14.1
3/25/2002 14:00,0.00125,0.0335,0.0905,0.00715,0.00256,0.0605,0.002,0.0559,4.3,1.36,0.83,0.25,14.2
3/25/2002 15:00,0.00031,0.00273,0.00978,0.00144,9.00E-05,0.00709,0.00077,0.00983,4.83,1.57,1.06,0.25,16.2
3/25/2002 16:00,0.00028,0.00255,0.00831,0.0013,0.00568,0.006,0.00089,0.0101,4.82,1.44,1.22,0.25,14.9
3/25/2002 18:00,0.00034,0.00376,0.0175,0.00333,9.00E-05,0.00877,0.00088,0.0246,4.88,1.88,0.87,0.25,19.8
3/25/2002 19:00,0.00028,0.00293,0.0102,0.00406,9.00E-05,0.00947,0.00097,0.0178,4.19,1.22,1.11,0.25,16.2
3/25/2002 20:00,0.00091,0.00626,0.0452,0.00599,0.00045,0.0074,0.00076,0.128,1.87,1.31,3.25,0.584,19.2
3/25/2002 21:00,0.00026,0.00162,0.00664,0.00196,0.0037,0.00445,0.00101,0.00983,2.07,1.13,0.25,0.25,12.1
3/25/2002 22:00,0.00017,0.000535,0.00342,0.0007,0.00293,0.00176,0.00112,0.00358,1.46,1.26,0.53,0.25,13
3/25/2002 23:00,0.0004,0.00208,0.0123,0.00612,0.00304,0.00612,0.00105,0.111,2.4,1.93,0.54,0.25,16.7
